Order ID,Order Date,Total Amount,Currency,Total Savings,Status,Item Title,Item ASIN,Item Quantity,Item Price,Item Discount,Promotions,Item URL,Details URL
112-8540953-0985837,2026-05-22,0,EUR,0,Delivered May 25,"OBD2 to USB Adapter - USB-C & USB-A Power Outputs - OBD2/OBD Power for Dash Cameras, Phone Charges, Radar Detectors, and More - Constant Power Always On - 36W/12V, 45W/24V - EveryAmp",B0DT4TJFH8,1,0,0,,https://www.amazon.de/dp/B0DT4TJFH8,https://www.amazon.com/your-orders/order-details?orderID=112-8540953-0985837&ref=ppx_yo2ov_dt_b_fed_order_details
111-1215898-0815460,2026-05-21,897,USD,0,Delivered May 26,"Apple Watch Series 11 [GPS 42mm] Smartwatch with Rose Gold Aluminum Case with Light Blush Sport Band - S/M. Sleep Score, Fitness Tracker, Health Monitoring, Always-On Display, Water Resistant",B0FQF9ZX7P,3,0,0,,https://www.amazon.de/dp/B0FQF9ZX7P,https://www.amazon.com/your-orders/order-details?orderID=111-1215898-0815460&ref=ppx_yo2ov_dt_b_fed_order_details
113-9273555-3714663,2026-05-18,897,USD,0,Delivered May 21,"Apple iPad 11-inch: A16 chip, 11-inch Model, Liquid Retina Display, 128GB, Wi-Fi 6, 12MP Front/12MP Back Camera, Touch ID, All-Day Battery Life — Pink",B0DZ7871B8,1,0,0,,https://www.amazon.de/dp/B0DZ7871B8,https://www.amazon.com/your-orders/order-details?orderID=113-9273555-3714663&ref=ppx_yo2ov_dt_b_fed_order_details
113-4046290-4237802,2026-05-18,897,USD,0,Delivered May 21,"Apple iPad 11-inch: A16 chip, 11-inch Model, Liquid Retina Display, 128GB, Wi-Fi 6, 12MP Front/12MP Back Camera, Touch ID, All-Day Battery Life — Silver",B0DZ77D5HL,3,0,0,,https://www.amazon.de/dp/B0DZ77D5HL,https://www.amazon.com/your-orders/order-details?orderID=113-4046290-4237802&ref=ppx_yo2ov_dt_b_fed_order_details
113-0244155-7921810,2026-05-18,598,USD,0,Delivered May 21,"Apple iPad 11-inch: A16 chip, 11-inch Model, Liquid Retina Display, 128GB, Wi-Fi 6, 12MP Front/12MP Back Camera, Touch ID, All-Day Battery Life — Blue",B0DZ75TN5F,2,0,0,,https://www.amazon.de/dp/B0DZ75TN5F,https://www.amazon.com/your-orders/order-details?orderID=113-0244155-7921810&ref=ppx_yo2ov_dt_b_fed_order_details
113-1299213-9685068,2026-05-18,0,EUR,0,Cancelled,"Apple iPad 11-inch: A16 chip, 11-inch Model, Liquid Retina Display, 128GB, Wi-Fi 6, 12MP Front/12MP Back Camera, Touch ID, All-Day Battery Life — Pink",B0DZ7871B8,3,0,0,,https://www.amazon.de/dp/B0DZ7871B8,
113-1299213-9685068,2026-05-18,0,EUR,,Cancelled,"Apple iPad 11-inch: A16 chip, 11-inch Model, Liquid Retina Display, 128GB, Wi-Fi 6, 12MP Front/12MP Back Camera, Touch ID, All-Day Battery Life — Blue",B0DZ75TN5F,2,0,0,,https://www.amazon.de/dp/B0DZ75TN5F,
113-7994757-5826658,2026-05-18,0,EUR,0,Cancelled,"Apple iPad 11-inch: A16 chip, 11-inch Model, Liquid Retina Display, 128GB, Wi-Fi 6, 12MP Front/12MP Back Camera, Touch ID, All-Day Battery Life — Silver",B0DZ77D5HL,3,0,0,,https://www.amazon.de/dp/B0DZ77D5HL,
113-9789737-8269807,2026-05-18,41.23,USD,0,Delivered May 19,"Coca-Cola Zero, 12 fl oz, 12 Pack",B000OV0S84,1,0,0,,https://www.amazon.de/dp/B000OV0S84,https://www.amazon.com/your-orders/order-details?orderID=113-9789737-8269807&ref=ppx_yo2ov_dt_b_fed_order_details
113-9789737-8269807,2026-05-18,41.23,USD,,Delivered May 19,"Coca-Cola Soda Soft Drink Bottles, 16.9 fl oz, 6 Pack",B000T9WM62,3,0,0,,https://www.amazon.de/dp/B000T9WM62,https://www.amazon.com/your-orders/order-details?orderID=113-9789737-8269807&ref=ppx_yo2ov_dt_b_fed_order_details
112-6710714-8241801,2026-05-17,4499.97,USD,0,Delivered May 20,"Apple 2025 MacBook Pro Laptop with Apple M5 chip with 10‑core CPU and 10‑core GPU: Built for AI, 14.2-inch Liquid Retina XDR Display, 16GB Unified Memory, 1TB SSD Storage; Space Black",B0FWD623D1,3,0,0,,https://www.amazon.de/dp/B0FWD623D1,https://www.amazon.com/your-orders/order-details?orderID=112-6710714-8241801&ref=ppx_yo2ov_dt_b_fed_order_details
112-8361401-2006622,2026-05-17,0,EUR,0,Cancelled,"Apple 2025 MacBook Pro Laptop with Apple M5 chip with 10‑core CPU and 10‑core GPU: Built for AI, 14.2-inch Liquid Retina XDR Display, 16GB Unified Memory, 1TB SSD Storage; Space Black",B0FWD623D1,3,0,0,,https://www.amazon.de/dp/B0FWD623D1,
114-9290409-9977848,2026-05-17,0,EUR,0,Delivered May 18,"voltrish 11-Blade Deburring Tool for 3D Printing, Premium High-Speed Steel Blades for Smooth Edge Finishing - Ideal for HVAC, Metal & Resin & Professional Conduit Reaming, 3D Printer Accessories",B0DW3S6BN3,1,0,0,,https://www.amazon.de/dp/B0DW3S6BN3,https://www.amazon.com/your-orders/order-details?orderID=114-9290409-9977848&ref=ppx_yo2ov_dt_b_fed_order_details
112-4985933-1465820,2026-05-15,191.97,USD,0,Delivered May 18,Apple Magic Mouse - White Multi-Touch Surface ​​​​​​​,B0DL72PK1P,3,0,0,,https://www.amazon.de/dp/B0DL72PK1P,https://www.amazon.com/your-orders/order-details?orderID=112-4985933-1465820&ref=ppx_yo2ov_dt_b_fed_order_details
114-6840099-6405837,2026-05-13,0,EUR,0,Cancelled,"Bounce Pet Hair and Lint Guard Mega Dryer Sheets with 3X Pet Hair Fighters, Fresh Scent, 180 Count",B0B7CQKP5Z,1,0,0,,https://www.amazon.de/dp/B0B7CQKP5Z,
111-3646437-9846651,2026-05-12,5.86,USD,0,Delivered May 18,"OxiClean Washing Machine Cleaner with Odor Blasters, 4 Count",B00UASJMG0,1,0,0,,https://www.amazon.de/dp/B00UASJMG0,https://www.amazon.com/your-orders/order-details?orderID=111-3646437-9846651&ref=ppx_yo2ov_dt_b_fed_order_details
113-6558583-2986604,2026-05-11,23.82,USD,0,Delivered May 12,"GoveeLife WiFi Pool Thermometer P1 Wireless App Easy Read, Smart Digital Floating Pool Thermometer with IPX7 Waterproof, Notification Alert, Water Temperature Monitor for Swimming, Pond, Bath, SPA",B0CXDWQB9F,1,0,0,,https://www.amazon.de/dp/B0CXDWQB9F,https://www.amazon.com/your-orders/order-details?orderID=113-6558583-2986604&ref=ppx_yo2ov_dt_b_fed_order_details
112-3522376-3956202,2026-05-11,4.45,USD,0,Delivered May 18,"Amazon Basics Gel Odor Eliminator, Activated Charcoal, Fragrance Free, 17 Oz, 1-Pack",B09B1QT2RP,1,0,0,,https://www.amazon.de/dp/B09B1QT2RP,https://www.amazon.com/your-orders/order-details?orderID=112-3522376-3956202&ref=ppx_yo2ov_dt_b_fed_order_details
112-8136543-6726665,2026-05-11,657,USD,0,Delivered May 18,"Apple Watch SE 3 [GPS 40mm] Smartwatch with Starlight Aluminum Case with Starlight Sport Band - S/M. Fitness and Sleep Trackers, Heart Rate Monitor, Always-On Display, Water Resistant",B0FQFNRH72,3,0,0,,https://www.amazon.de/dp/B0FQFNRH72,https://www.amazon.com/your-orders/order-details?orderID=112-8136543-6726665&ref=ppx_yo2ov_dt_b_fed_order_details
114-6541811-7196239,2026-05-08,58.37,USD,0,Delivered May 12,"Nordic Pure 20x25x1 (Actual Size: 19 1/2 x 24 1/2 x 3/4) Pleated Ultra MERV 16 AC Furnace Air Filters–With 2.5X More Media for Allergy & Dust Relief, Max Efficiency & Low Airflow Resistance 2 Pack",B0GQDL5TR1,1,0,0,,https://www.amazon.de/dp/B0GQDL5TR1,https://www.amazon.com/your-orders/order-details?orderID=114-6541811-7196239&ref=ppx_yo2ov_dt_b_fed_order_details
114-5255572-2397003,2026-05-08,897,USD,0,Delivered May 11,"Apple iPad 11-inch: A16 chip, 11-inch Model, Liquid Retina Display, 128GB, Wi-Fi 6, 12MP Front/12MP Back Camera, Touch ID, All-Day Battery Life — Silver",B0DZ77D5HL,3,0,0,,https://www.amazon.de/dp/B0DZ77D5HL,https://www.amazon.com/your-orders/order-details?orderID=114-5255572-2397003&ref=ppx_yo2ov_dt_b_fed_order_details
114-9346661-8759410,2026-05-07,897,USD,0,Delivered May 11,"Apple iPad 11-inch: A16 chip, 11-inch Model, Liquid Retina Display, 128GB, Wi-Fi 6, 12MP Front/12MP Back Camera, Touch ID, All-Day Battery Life — Pink",B0DZ7871B8,3,0,0,,https://www.amazon.de/dp/B0DZ7871B8,https://www.amazon.com/your-orders/order-details?orderID=114-9346661-8759410&ref=ppx_yo2ov_dt_b_fed_order_details
112-1622909-4757056,2026-05-04,0,EUR,0,Delivered May 7,"Apple iPad 11-inch: A16 chip, 11-inch Model, Liquid Retina Display, 128GB, Wi-Fi 6, 12MP Front/12MP Back Camera, Touch ID, All-Day Battery Life — Blue",B0DZ75TN5F,3,0,0,,https://www.amazon.de/dp/B0DZ75TN5F,https://www.amazon.com/your-orders/order-details?orderID=112-1622909-4757056&ref=ppx_yo2ov_dt_b_fed_order_details
112-2299748-8207447,2026-05-03,1559.97,USD,0,Delivered May 6,"Apple iPad Air 11-inch (M4): Liquid Retina Display, 128GB, 12MP Front/Back Camera, Wi-Fi 7 with Apple N1, Touch ID, All-Day Battery Life — Blue",B0GQVBJT4J,3,0,0,,https://www.amazon.de/dp/B0GQVBJT4J,https://www.amazon.com/your-orders/order-details?orderID=112-2299748-8207447&ref=ppx_yo2ov_dt_b_fed_order_details
113-8549696-4679427,2026-05-02,0,EUR,0,Cancelled,TP-Link Roam 6 AX1500 Portable Wi-Fi 6 Travel Router | Easy Public WiFi Sharing | Hotel/RV/Travel Approved | Phone WiFi Tether | USB C Powered | Multi-Mode | Tether App | Durable Design | TL-WR1502X,B0D41G5N95,1,0,0,,https://www.amazon.de/dp/B0D41G5N95,
113-6514741-7116213,2026-05-02,0,EUR,0,Cancelled,TP-Link Roam 6 AX1500 Portable Wi-Fi 6 Travel Router | Easy Public WiFi Sharing | Hotel/RV/Travel Approved | Phone WiFi Tether | USB C Powered | Multi-Mode | Tether App | Durable Design | TL-WR1502X,B0D41G5N95,1,0,0,,https://www.amazon.de/dp/B0D41G5N95,
111-1223590-9962601,2026-04-30,899.97,USD,0,Delivered May 19,"Apple iPad 11-inch: A16 chip, 11-inch Model, Liquid Retina Display, 128GB, Wi-Fi 6, 12MP Front/12MP Back Camera, Touch ID, All-Day Battery Life — Silver",B0DZ77D5HL,3,0,0,,https://www.amazon.de/dp/B0DZ77D5HL,https://www.amazon.com/your-orders/order-details?orderID=111-1223590-9962601&ref=ppx_yo2ov_dt_b_fed_order_details
114-7125422-8035462,2026-04-29,329,USD,0,Delivered May 4,"Apple Watch Series 11 [GPS 46mm] Smartwatch with Rose Gold Aluminum Case with Light Blush Sport Band - M/L. Sleep Score, Fitness Tracker, Health Monitoring, Always-On Display, Water Resistant",B0FQFWDL6Z,1,0,0,,https://www.amazon.de/dp/B0FQFWDL6Z,https://www.amazon.com/your-orders/order-details?orderID=114-7125422-8035462&ref=ppx_yo2ov_dt_b_fed_order_details
114-7528658-2323414,2026-04-29,987,USD,0,Delivered May 4,"Apple Watch Series 11 [GPS 46mm] Smartwatch with Jet Black Aluminum Case with Black Sport Band - M/L. Sleep Score, Fitness Tracker, Health Monitoring, Always-On Display, Water Resistant",B0FQF5BZ8Z,3,0,0,,https://www.amazon.de/dp/B0FQF5BZ8Z,https://www.amazon.com/your-orders/order-details?orderID=114-7528658-2323414&ref=ppx_yo2ov_dt_b_fed_order_details
114-3571949-5858667,2026-04-29,85.62,USD,0,Delivered May 4,"VION R1S Roof Sunshade - Precision Fit, No Sagging, Two Pieces Design, Full Blackout (for Rivian R1S)",B0FH9Y9KH5,1,0,0,,https://www.amazon.de/dp/B0FH9Y9KH5,https://www.amazon.com/your-orders/order-details?orderID=114-3571949-5858667&ref=ppx_yo2ov_dt_b_fed_order_details
112-6044689-6424234,2026-04-29,285.99,USD,0,Delivered April 30,Intel Core i9-12900K Gaming Desktop Processor with Integrated Graphics and 16 (8P+8E) Cores up to 5.2 GHz Unlocked LGA1700 600 Series Chipset 125W,B09FXDLX95,1,0,0,,https://www.amazon.de/dp/B09FXDLX95,https://www.amazon.com/your-orders/order-details?orderID=112-6044689-6424234&ref=ppx_yo2ov_dt_b_fed_order_details
112-2249390-8025854,2026-04-29,571.98,USD,0,Delivered April 30,Intel Core i9-12900K Gaming Desktop Processor with Integrated Graphics and 16 (8P+8E) Cores up to 5.2 GHz Unlocked LGA1700 600 Series Chipset 125W,B09FXDLX95,2,0,0,,https://www.amazon.de/dp/B09FXDLX95,https://www.amazon.com/your-orders/order-details?orderID=112-2249390-8025854&ref=ppx_yo2ov_dt_b_fed_order_details
114-1080914-1188222,2026-04-26,0,EUR,0,Delivered May 11,"Pure Encapsulations Magnesium (Glycinate) - Supplement to Support Stress Relief, Sleep, Heart Health, Nerves, Muscles, and Metabolism* - with Magnesium Glycinate - 180 Capsules",B0058HWV9S,1,0,0,,https://www.amazon.de/dp/B0058HWV9S,https://www.amazon.com/your-orders/order-details?orderID=114-1080914-1188222&ref=ppx_yo2ov_dt_b_fed_order_details
111-9253209-0821861,2026-04-24,85.62,USD,0,,"VION R1S Roof Sunshade - Precision Fit, No Sagging, Two Pieces Design, Full Blackout (for Rivian R1S)",B0FH9Y9KH5,1,0,0,,https://www.amazon.de/dp/B0FH9Y9KH5,https://www.amazon.com/your-orders/order-details?orderID=111-9253209-0821861&ref=ppx_yo2ov_dt_b_fed_order_details
111-2842152-3524251,2026-04-24,12.78,USD,0,Delivered April 25,"GuoYomm 200 PCS M5 x 30mm 35mm 40mm 45mm 50mm, Flat Head Hex Socket Cap Screws Countersunk Bolts Washers Nuts Assortment Kit, 10.9 Grade Alloy Steel, Black Oxide Finish, Metric Allen Drive",B0D7LDBFTR,1,0,0,,https://www.amazon.de/dp/B0D7LDBFTR,https://www.amazon.com/your-orders/order-details?orderID=111-2842152-3524251&ref=ppx_yo2ov_dt_b_fed_order_details
114-6312681-9061800,2026-04-23,9.74,USD,0,Delivered April 24,"KiwiBird USB C Splitter 1 in 2 Out Charging, USBC Power Data Splitter Extension Y Cable, Type C Male to Dual USB C Female Port Adapter, Compatible with Laptop Mac Car Flash Drive Keyboard Mouse",B0DSZCVCPT,1,0,0,,https://www.amazon.de/dp/B0DSZCVCPT,https://www.amazon.com/your-orders/order-details?orderID=114-6312681-9061800&ref=ppx_yo2ov_dt_b_fed_order_details
114-9701415-7649841,2026-04-19,8.23,USD,0,Delivered April 20,"Aokin 5 Pcs 0.5mm Hardened Steel Nozzles MK8 Nozzles 3D Printer Nozzles with High Temperature Wear Resistant for Creality Ender 3/3 Pro/3 V2, Ender 5/5 Pro, CR-10/10S, Makerbot, with Flat Wrench",B0BNN9PX3K,1,0,0,,https://www.amazon.de/dp/B0BNN9PX3K,https://www.amazon.com/your-orders/order-details?orderID=114-9701415-7649841&ref=ppx_yo2ov_dt_b_fed_order_details
112-2542182-2432269,2026-04-19,0,EUR,0,Cancelled,"SeulQirw 5pcs 0.4mm CR6 SE Hardened Steel Nozzle Compatible with Creality Ender 3 S1 Sprite Extruder Pro /Ender3 V2 / Pro/Neo Series, CR-6 MAX Ender 5 Plus CR10 / Neptune 3 Pro 3D Printer",B0D7P13BYL,1,0,0,,https://www.amazon.de/dp/B0D7P13BYL,
114-4516474-2998622,2026-04-18,20.58,USD,0,Delivered April 19,"ELEGOO Carbon Fiber PETG Filament 1.75 mm Black 1KG, High Strength & Rigidity PETG-CF 3D Printing Filament, Abrasion Resistance for Functional Parts, 1KG(2.2lbs) Spool Fits for Most FDM 3D Printers",B0F37YCK6K,1,0,0,,https://www.amazon.de/dp/B0F37YCK6K,https://www.amazon.com/your-orders/order-details?orderID=114-4516474-2998622&ref=ppx_yo2ov_dt_b_fed_order_details
112-3069682-3478629,2026-04-16,33.87,USD,0,Delivered April 18,"Nukisa 2.5L Floor Cleaning Solution Compatible with Roborock/Eufy/iRobot/Ecovacs/Dreame/Shark, Fragrance Deodorization, Deep Cleans for Multiple Hard Floors (2.5 Liter, 【Fresh Ocean】)",B0G6KV6V5V,1,0,0,,https://www.amazon.de/dp/B0G6KV6V5V,https://www.amazon.com/your-orders/order-details?orderID=112-3069682-3478629&ref=ppx_yo2ov_dt_b_fed_order_details
114-8323684-5473815,2026-04-16,13.02,USD,0,Delivered April 17,"Crest 3D White Brilliance Pro Ultra White Teeth Whitening Toothpaste, 3.8 oz, Anticavity Fluoride Toothpaste, 4% Hydrogen Peroxide, Active Whitening Protection",B0CMW1FXMC,3,0,0,,https://www.amazon.de/dp/B0CMW1FXMC,https://www.amazon.com/your-orders/order-details?orderID=114-8323684-5473815&ref=ppx_yo2ov_dt_b_fed_order_details
113-4664501-9559441,2026-04-15,4.81,USD,0,Delivered April 20,"Scrubbing Bubbles Fresh Gel Toilet Bowl Cleaning Stamps, Helps Keep Toilet Clean and Helps Prevent Limescale & Rings, Citrus Scent, 1 Dispenser with 6 Fresh Gel Stamps",B01FX5H9N2,1,0,0,,https://www.amazon.de/dp/B01FX5H9N2,https://www.amazon.com/your-orders/order-details?orderID=113-4664501-9559441&ref=ppx_yo2ov_dt_b_fed_order_details
114-6455458-3141861,2026-04-14,0,EUR,0,Delivered April 17,"OxiClean Washing Machine Cleaner with Odor Blasters, 4 Count",B00UASJMG0,1,0,0,,https://www.amazon.de/dp/B00UASJMG0,https://www.amazon.com/your-orders/order-details?orderID=114-6455458-3141861&ref=ppx_yo2ov_dt_b_fed_order_details
114-3413145-5212226,2026-04-13,0,EUR,0,Cancelled,"RXBAR Nut Butter and Oat Protein Bars, Protein Snacks, Snack Bars, Honey Cinnamon Peanut Butter, 23.2oz Box (12 Count)",B09KMWCX72,1,0,0,,https://www.amazon.de/dp/B09KMWCX72,
112-3793310-6441813,2026-04-13,0,EUR,0,Cancelled,"RXBAR Nut Butter and Oat Protein Bars, Protein Snacks, Snack Bars, Dark Chocolate Peanut Butter, 23.2oz Box (12 Count)",B0BQ9D92D8,1,0,0,,https://www.amazon.de/dp/B0BQ9D92D8,
112-1722249-6853053,2026-04-11,21.62,USD,0,Delivered April 12,"Dishwasher Cleaner And Deodorizer Tablets - 24 Pack Deep Cleaning Descaler Pods for Dish Washer Machine, Heavy Duty, Septic Safe, Natural Limescale Remover, Calcium, Odor, Smell - 12 Month Supply",B09MV5B75Y,1,0,0,,https://www.amazon.de/dp/B09MV5B75Y,https://www.amazon.com/your-orders/order-details?orderID=112-1722249-6853053&ref=ppx_yo2ov_dt_b_fed_order_details
114-1232745-7349058,2026-04-08,0,EUR,0,Cancelled,"Apple 2026 MacBook Air 15-inch Laptop with M5 chip: Built for AI, 15.3-inch Liquid Retina Display, 24GB Unified Memory, 1TB SSD, 12MP Center Stage Camera, Touch ID, Wi-Fi 7; Silver",B0GR17BHVT,3,0,0,,https://www.amazon.de/dp/B0GR17BHVT,
114-5987608-9161843,2026-04-08,2847,USD,0,Delivered April 13,"Apple 2026 MacBook Air 13-inch Laptop with M5 chip: Built for AI, 13.6-inch Liquid Retina Display, 16GB Unified Memory, 512GB SSD, 12MP Center Stage Camera, Touch ID, Wi-Fi 7; Midnight",B0GR1JTFP8,3,0,0,,https://www.amazon.de/dp/B0GR1JTFP8,https://www.amazon.com/your-orders/order-details?orderID=114-5987608-9161843&ref=ppx_yo2ov_dt_b_fed_order_details
112-5428150-7191465,2026-04-07,39,USD,0,Delivered April 8,"Retainer Brite – Aligner Cleaning Tablets for Invisalign, Mouth Guard Cleaner, Night Guard Cleaner and other Dental Appliances. FDA Registered and Made in USA. 192 Tablets – 6 Month Supply",B06Y6L14CB,1,0,0,,https://www.amazon.de/dp/B06Y6L14CB,https://www.amazon.com/your-orders/order-details?orderID=112-5428150-7191465&ref=ppx_yo2ov_dt_b_fed_order_details
112-7632870-8150637,2026-04-05,1349.99,USD,0,Delivered April 8,"Apple 2026 MacBook Air 15-inch Laptop with M5 chip: Built for AI, 15.3-inch Liquid Retina Display, 16GB Unified Memory, 1TB SSD, 12MP Center Stage Camera, Touch ID, Wi-Fi 7; Midnight",B0GR1BJ72L,1,0,0,,https://www.amazon.de/dp/B0GR1BJ72L,https://www.amazon.com/your-orders/order-details?orderID=112-7632870-8150637&ref=ppx_yo2ov_dt_b_fed_order_details
112-7380633-7209005,2026-04-05,4599.96,USD,0,Delivered April 8,"Apple 2026 MacBook Air 15-inch Laptop with M5 chip: Built for AI, 15.3-inch Liquid Retina Display, 16GB Unified Memory, 512GB SSD, 12MP Center Stage Camera, Touch ID, Wi-Fi 7; Starlight",B0GR1N82GJ,1,0,0,,https://www.amazon.de/dp/B0GR1N82GJ,https://www.amazon.com/your-orders/order-details?orderID=112-7380633-7209005&ref=ppx_yo2ov_dt_b_fed_order_details
112-7380633-7209005,2026-04-05,4599.96,USD,,Delivered April 8,"Apple 2026 MacBook Air 15-inch Laptop with M5 chip: Built for AI, 15.3-inch Liquid Retina Display, 16GB Unified Memory, 512GB SSD, 12MP Center Stage Camera, Touch ID, Wi-Fi 7; Sky Blue",B0GR1DVSQP,3,0,0,,https://www.amazon.de/dp/B0GR1DVSQP,https://www.amazon.com/your-orders/order-details?orderID=112-7380633-7209005&ref=ppx_yo2ov_dt_b_fed_order_details
112-4141400-5650644,2026-04-05,2849.97,USD,0,Delivered April 8,"Apple 2026 MacBook Air 13-inch Laptop with M5 chip: Built for AI, 13.6-inch Liquid Retina Display, 16GB Unified Memory, 512GB SSD, 12MP Center Stage Camera, Touch ID, Wi-Fi 7; Sky Blue",B0GR1493ZV,3,0,0,,https://www.amazon.de/dp/B0GR1493ZV,https://www.amazon.com/your-orders/order-details?orderID=112-4141400-5650644&ref=ppx_yo2ov_dt_b_fed_order_details
112-9273723-1210660,2026-04-04,0,EUR,0,Delivered April 17,2 Sets Air220 Air320 Replacement Filter Compatible with Bissell air220(2609A) air320(2768A) air320 Max(2847A) Air Purifier - 3 in 1 Pleated + Pre-Filters & Activated Carbon - Part NO.2677 2678 2804,B08Y56WD6L,1,0,0,,https://www.amazon.de/dp/B08Y56WD6L,https://www.amazon.com/your-orders/order-details?orderID=112-9273723-1210660&ref=ppx_yo2ov_dt_b_fed_order_details
114-8449053-5460255,2026-04-04,899.97,USD,0,Delivered April 10,"Apple iPad 11-inch: A16 chip, 11-inch Model, Liquid Retina Display, 128GB, Wi-Fi 6, 12MP Front/12MP Back Camera, Touch ID, All-Day Battery Life — Blue",B0DZ75TN5F,3,0,0,,https://www.amazon.de/dp/B0DZ75TN5F,https://www.amazon.com/your-orders/order-details?orderID=114-8449053-5460255&ref=ppx_yo2ov_dt_b_fed_order_details
114-3139133-9127458,2026-04-04,899.97,USD,0,Delivered April 10,"Apple iPad 11-inch: A16 chip, 11-inch Model, Liquid Retina Display, 128GB, Wi-Fi 6, 12MP Front/12MP Back Camera, Touch ID, All-Day Battery Life — Silver",B0DZ77D5HL,3,0,0,,https://www.amazon.de/dp/B0DZ77D5HL,https://www.amazon.com/your-orders/order-details?orderID=114-3139133-9127458&ref=ppx_yo2ov_dt_b_fed_order_details
114-3177545-8015435,2026-03-31,22.48,USD,0,Delivered April 1,"UniTak3D AD5X Cold Build Plate 235*235mm Double Sided Glossy+Textured Low-Temperature Print,Strong-Adhesion Platform Compatible with Flashforge AD5X/Adventurer 5M/5M Pro 3D Printer(No Glue Required)",B0G4955ZQK,1,0,0,,https://www.amazon.de/dp/B0G4955ZQK,https://www.amazon.com/your-orders/order-details?orderID=114-3177545-8015435&ref=ppx_yo2ov_dt_b_fed_order_details
114-8139673-9229053,2026-03-31,897,USD,0,Delivered April 6,"Apple Watch Series 11 [GPS 42mm] Smartwatch with Silver Aluminum Case with Purple Fog Sport Band - S/M. Sleep Score, Fitness Tracker, Health Monitoring, Always-On Display, Water Resistant",B0FQFJ4V5M,3,0,0,,https://www.amazon.de/dp/B0FQFJ4V5M,https://www.amazon.com/your-orders/order-details?orderID=114-8139673-9229053&ref=ppx_yo2ov_dt_b_fed_order_details
114-5905627-8581849,2026-03-29,167.15,USD,0,,"150W Waterproof Power Adapter for Philips Hue Outdoor Lights - 24V, 5-Head Output Power Supply for Lily Spot, Lily XL, Calla Pathway, Impress Pedestal, and Impress Wall Lighting",B0G19NGQ6Y,1,0,0,,https://www.amazon.de/dp/B0G19NGQ6Y,https://www.amazon.com/your-orders/order-details?orderID=114-5905627-8581849&ref=ppx_yo2ov_dt_b_fed_order_details
114-5905627-8581849,2026-03-29,167.15,USD,,,Philips Hue Lily Outdoor Smart LED Spotlight - White & Color Ambiance - Low Voltage Landscape Lighting - 1 Pack - Requires Bridge and Power Supply - Control with App and Voice - Weatherproof,B07DBLWB3V,1,0,0,,https://www.amazon.de/dp/B07DBLWB3V,https://www.amazon.com/your-orders/order-details?orderID=114-5905627-8581849&ref=ppx_yo2ov_dt_b_fed_order_details
112-2699142-7497032,2026-03-28,17.33,USD,0,Delivered March 30,"Switch Dock Charger for Nintendo Switch, Mirabox 36W Portable TV Docking Station with 4K@60Hz HDMI/USB2.0/PD USB-C Fast Charging Ports, Full-Featured USB-C Cable Included",B0C8J4DP6W,1,0,0,,https://www.amazon.de/dp/B0C8J4DP6W,https://www.amazon.com/your-orders/order-details?orderID=112-2699142-7497032&ref=ppx_yo2ov_dt_b_fed_order_details
112-4820350-1930621,2026-03-28,0,EUR,0,Cancelled,Philips Hue Lily Outdoor Smart LED Spotlight - White & Color Ambiance - Low Voltage Landscape Lighting - 1 Pack - Requires Bridge and Power Supply - Control with App and Voice - Weatherproof,B07DBLWB3V,1,0,0,,https://www.amazon.de/dp/B07DBLWB3V,
114-8031077-1591425,2026-03-28,0,EUR,0,Cancelled,"150W Waterproof Power Adapter for Philips Hue Outdoor Lights - 24V, 5-Head Output Power Supply for Lily Spot, Lily XL, Calla Pathway, Impress Pedestal, and Impress Wall Lighting",B0G19NGQ6Y,1,0,0,,https://www.amazon.de/dp/B0G19NGQ6Y,
114-9424040-8333804,2026-03-28,0,EUR,0,Cancelled,"150W Waterproof Power Adapter for Philips Hue Outdoor Lights - 24V, 5-Head Output Power Supply for Lily Spot, Lily XL, Calla Pathway, Impress Pedestal, and Impress Wall Lighting",B0G19NGQ6Y,1,0,0,,https://www.amazon.de/dp/B0G19NGQ6Y,
112-2437188-3879407,2026-03-27,0,EUR,0,Cancelled,"Samsung 870 EVO SATA III SSD 1TB 2.5” Internal Solid State Drive, Upgrade PC or Laptop Memory and Storage for IT Pros, Creators, Everyday Users, MZ-77E1T0B/AM",B08QBJ2YMG,2,0,0,,https://www.amazon.de/dp/B08QBJ2YMG,
112-7407656-5551467,2026-03-27,897,USD,0,Delivered March 30,"Apple iPad 11-inch: A16 chip, 11-inch Model, Liquid Retina Display, 128GB, Wi-Fi 6, 12MP Front/12MP Back Camera, Touch ID, All-Day Battery Life — Silver",B0DZ77D5HL,3,0,0,,https://www.amazon.de/dp/B0DZ77D5HL,https://www.amazon.com/your-orders/order-details?orderID=112-7407656-5551467&ref=ppx_yo2ov_dt_b_fed_order_details
114-5255914-1452224,2026-03-27,6.49,USD,0,Delivered March 28,"3/16 Inch Orthodontic Elastic Rubber Bands, 500 Pack Medium 3.5 Ounce Rubberbands Dreadlocks Hair Braids Fix Tooth Gap, 5 Pack Free Elastic Placer for Braces",B091PHK27F,1,0,0,,https://www.amazon.de/dp/B091PHK27F,https://www.amazon.com/your-orders/order-details?orderID=114-5255914-1452224&ref=ppx_yo2ov_dt_b_fed_order_details
112-6748012-8805849,2026-03-25,47.74,USD,0,,"120W 24V Waterproof Power Supply for Philips Hue Outdoor Lighting - 3-Head Adapter Compatible with Lily Spot, Lily XL, Calla Pathway, Impress Pedestal & Wall Lights",B0GFYYLKFN,1,0,0,,https://www.amazon.de/dp/B0GFYYLKFN,https://www.amazon.com/your-orders/order-details?orderID=112-6748012-8805849&ref=ppx_yo2ov_dt_b_fed_order_details
113-8132423-2321805,2026-03-25,249.99,USD,0,Delivered March 26,"Amazon Kindle Scribe (16GB) - Your notes, documents and books, all in one place. With built-in AI notebook summarization. Includes Premium Pen - Tungsten",B0CZ9VFQ2P,1,0,0,,https://www.amazon.de/dp/B0CZ9VFQ2P,https://www.amazon.com/your-orders/order-details?orderID=113-8132423-2321805&ref=ppx_yo2ov_dt_b_fed_order_details
112-8304017-3645047,2026-03-23,179.97,USD,0,Delivered March 25,"Apple AirTag (1st Generation) - 4 Pack. Keep Track of and find Your Keys, Wallet, Luggage, Backpack, and More. Simple one-tap Set up with iPhone or iPad, Bluetooth",B0D54JZTHY,3,0,0,,https://www.amazon.de/dp/B0D54JZTHY,https://www.amazon.com/your-orders/order-details?orderID=112-8304017-3645047&ref=ppx_yo2ov_dt_b_fed_order_details
112-7786905-9065011,2026-03-23,949,USD,0,Delivered March 31,"Apple 2025 MacBook Air 13-inch Laptop with M4 chip: Built for Apple Intelligence, 13.6-inch Liquid Retina Display, 16GB Unified Memory, 512GB SSD Storage, 12MP Center Stage Camera, Touch ID; Sky Blue",B0DZD9NV7L,1,0,0,,https://www.amazon.de/dp/B0DZD9NV7L,https://www.amazon.com/your-orders/order-details?orderID=112-7786905-9065011&ref=ppx_yo2ov_dt_b_fed_order_details
112-5615424-9407428,2026-03-23,1898,USD,0,Delivered March 25,"Apple 2025 MacBook Air 13-inch Laptop with M4 chip: Built for Apple Intelligence, 13.6-inch Liquid Retina Display, 16GB Unified Memory, 512GB SSD Storage, 12MP Center Stage Camera, Touch ID; Sky Blue",B0DZD9NV7L,2,0,0,,https://www.amazon.de/dp/B0DZD9NV7L,https://www.amazon.com/your-orders/order-details?orderID=112-5615424-9407428&ref=ppx_yo2ov_dt_b_fed_order_details
113-2616402-5253004,2026-03-22,339.98,USD,0,Delivered March 25,Amazon Kindle Colorsoft 16 GB (newest model) – With color display and adjustable warm light – No Ads – Black,B0CGVSKR1G,2,0,0,,https://www.amazon.de/dp/B0CGVSKR1G,https://www.amazon.com/your-orders/order-details?orderID=113-2616402-5253004&ref=ppx_yo2ov_dt_b_fed_order_details
112-2297885-7620230,2026-03-21,177,USD,0,Delivered March 23,"Apple Pencil (USB-C): Device Compatibility Check Required - Pixel-Perfect Precision, Tilt Sensitivity, Perfect for Note-Taking, Drawing, and Signing Documents. Charges and Pairs with USB-C",B0CL7J12YK,3,0,0,,https://www.amazon.de/dp/B0CL7J12YK,https://www.amazon.com/your-orders/order-details?orderID=112-2297885-7620230&ref=ppx_yo2ov_dt_b_fed_order_details
112-5126811-4562627,2026-03-20,0,EUR,0,Delivered March 23,"Amazon Fire TV Stick 4K Max streaming device, with AI-powered Fire TV Search, supports Wi-Fi 6E, free & live TV without cable or satellite",B0BP9SNVH9,3,0,0,,https://www.amazon.de/dp/B0BP9SNVH9,https://www.amazon.com/your-orders/order-details?orderID=112-5126811-4562627&ref=ppx_yo2ov_dt_b_fed_order_details
112-5780178-0527447,2026-03-20,359.98,USD,0,Delivered March 26,"Samsung 870 EVO SATA III SSD 1TB 2.5” Internal Solid State Drive, Upgrade PC or Laptop Memory and Storage for IT Pros, Creators, Everyday Users, MZ-77E1T0B/AM",B08QBJ2YMG,2,0,0,,https://www.amazon.de/dp/B08QBJ2YMG,https://www.amazon.com/your-orders/order-details?orderID=112-5780178-0527447&ref=ppx_yo2ov_dt_b_fed_order_details
114-8872880-0572229,2026-03-20,897,USD,0,Delivered March 23,"Apple iPad 11-inch: A16 chip, 11-inch Model, Liquid Retina Display, 128GB, Wi-Fi 6, 12MP Front/12MP Back Camera, Touch ID, All-Day Battery Life — Silver",B0DZ77D5HL,3,0,0,,https://www.amazon.de/dp/B0DZ77D5HL,https://www.amazon.com/your-orders/order-details?orderID=114-8872880-0572229&ref=ppx_yo2ov_dt_b_fed_order_details
112-3475924-2232236,2026-03-17,27.04,USD,0,Delivered March 20,"Loop Quiet 2 Ear Plugs – Ultra-Comfy Reusable 24dB (SNR) Noise-Reducing Earplugs for Sleep, Deep Focus, Travel, Noise Sensitivity, Flexible Hearing Protection, Customizable Fit",B0D3V61JC8,1,0,0,,https://www.amazon.de/dp/B0D3V61JC8,https://www.amazon.com/your-orders/order-details?orderID=112-3475924-2232236&ref=ppx_yo2ov_dt_b_fed_order_details
114-2752406-1939421,2026-03-17,178.8,USD,0,Delivered March 18,Philips Hue Lily Outdoor Smart LED Spotlight - White & Color Ambiance - Low Voltage Landscape Lighting - 1 Pack - Requires Bridge and Power Supply - Control with App and Voice - Weatherproof,B07DBLWB3V,2,0,0,,https://www.amazon.de/dp/B07DBLWB3V,https://www.amazon.com/your-orders/order-details?orderID=114-2752406-1939421&ref=ppx_yo2ov_dt_b_fed_order_details
114-7328442-5984227,2026-03-17,329,USD,0,Delivered March 23,"Apple Watch Series 11 [GPS 46mm] Smartwatch with Silver Aluminum Case with Purple Fog Sport Band - M/L. Sleep Score, Fitness Tracker, Health Monitoring, Always-On Display, Water Resistant",B0FQF9S6MH,1,0,0,,https://www.amazon.de/dp/B0FQF9S6MH,https://www.amazon.com/your-orders/order-details?orderID=114-7328442-5984227&ref=ppx_yo2ov_dt_b_fed_order_details
111-2135983-7324269,2026-03-15,50.39,USD,0,Delivered March 27,"Pure Encapsulations Magnesium (Glycinate) - Supplement to Support Stress Relief, Sleep, Heart Health, Nerves, Muscles, and Metabolism* - with Magnesium Glycinate - 180 Capsules",B0058HWV9S,1,0,0,,https://www.amazon.de/dp/B0058HWV9S,https://www.amazon.com/your-orders/order-details?orderID=111-2135983-7324269&ref=ppx_yo2ov_dt_b_fed_order_details
114-3058797-8447466,2026-03-15,657,USD,0,Delivered March 23,"Apple Watch SE 3 [GPS 40mm] Smartwatch with Starlight Aluminum Case with Starlight Sport Band - S/M. Fitness and Sleep Trackers, Heart Rate Monitor, Always-On Display, Water Resistant",B0FQFNRH72,3,0,0,,https://www.amazon.de/dp/B0FQFNRH72,https://www.amazon.com/your-orders/order-details?orderID=114-3058797-8447466&ref=ppx_yo2ov_dt_b_fed_order_details
114-1547237-1449867,2026-03-13,897,USD,0,Delivered March 16,"Apple iPad 11-inch: A16 chip, 11-inch Model, Liquid Retina Display, 128GB, Wi-Fi 6, 12MP Front/12MP Back Camera, Touch ID, All-Day Battery Life — Silver",B0DZ77D5HL,3,0,0,,https://www.amazon.de/dp/B0DZ77D5HL,https://www.amazon.com/your-orders/order-details?orderID=114-1547237-1449867&ref=ppx_yo2ov_dt_b_fed_order_details
112-3873303-5381008,2026-03-12,0,EUR,0,Cancelled,"Apple iPad 11-inch: A16 chip, 11-inch Model, Liquid Retina Display, 128GB, Wi-Fi 6, 12MP Front/12MP Back Camera, Touch ID, All-Day Battery Life — Pink",B0DZ7871B8,3,0,0,,https://www.amazon.de/dp/B0DZ7871B8,
112-2802110-1511464,2026-03-11,0,EUR,0,Delivered March 12,"OxiClean Washing Machine Cleaner with Odor Blasters, 4 Count",B00UASJMG0,1,0,0,,https://www.amazon.de/dp/B00UASJMG0,https://www.amazon.com/your-orders/order-details?orderID=112-2802110-1511464&ref=ppx_yo2ov_dt_b_fed_order_details
112-2729408-2606650,2026-03-09,897,USD,0,Delivered March 11,"Apple Watch Series 11 [GPS 46mm] Smartwatch with Jet Black Aluminum Case with Black Sport Band - M/L. Sleep Score, Fitness Tracker, Health Monitoring, Always-On Display, Water Resistant",B0FQF5BZ8Z,3,0,0,,https://www.amazon.de/dp/B0FQF5BZ8Z,https://www.amazon.com/your-orders/order-details?orderID=112-2729408-2606650&ref=ppx_yo2ov_dt_b_fed_order_details
112-8043967-7673865,2026-03-09,15.16,USD,0,Delivered March 10,"JRready ST6112 DT Connector 2 Pin Gray Waterproof Electrical Wire Connector DT04-2P DT06-2S with Deutsch Solid Contacts 14-20 AWG and Sealing Plugs,3 Sets",B07VF2W6FJ,1,0,0,,https://www.amazon.de/dp/B07VF2W6FJ,https://www.amazon.com/your-orders/order-details?orderID=112-8043967-7673865&ref=ppx_yo2ov_dt_b_fed_order_details
114-1952123-2853006,2026-03-09,20.47,USD,0,Delivered March 10,"SUNLU 3D Printer Filament PETG Filament 1.75mm,Less Stringing Good Layer Adhesion High Toughness,PETG Filament 1.75 ±0.02mm, 1kg Spool(2.2lbs),Sunny Orange",B0FGTT26RN,1,0,0,,https://www.amazon.de/dp/B0FGTT26RN,https://www.amazon.com/your-orders/order-details?orderID=114-1952123-2853006&ref=ppx_yo2ov_dt_b_fed_order_details
114-7301539-5545838,2026-03-09,5.55,USD,0,Delivered March 10,"Amazon Basics Gel Odor Eliminator, Activated Charcoal, Fragrance Free, 17 Oz, 1-Pack",B09B1QT2RP,1,0,0,,https://www.amazon.de/dp/B09B1QT2RP,https://www.amazon.com/your-orders/order-details?orderID=114-7301539-5545838&ref=ppx_yo2ov_dt_b_fed_order_details
114-1047959-2134658,2026-03-09,67.16,USD,0,Delivered March 12,"Haldzemo 0.28 Inch Three-Line Voltage Meter Mini LED Digital Voltmeter Gauge (Blue, 8 Pack)",B0BNX72K47,1,0,0,,https://www.amazon.de/dp/B0BNX72K47,https://www.amazon.com/your-orders/order-details?orderID=114-1047959-2134658&ref=ppx_yo2ov_dt_b_fed_order_details
114-1047959-2134658,2026-03-09,67.16,USD,,Delivered March 12,MAIYUM 63-37 Tin Lead Rosin Core Solder Wire for Electrical Soldering (0.8mm 50g),B075WB98FJ,1,0,0,,https://www.amazon.de/dp/B075WB98FJ,https://www.amazon.com/your-orders/order-details?orderID=114-1047959-2134658&ref=ppx_yo2ov_dt_b_fed_order_details
114-1047959-2134658,2026-03-09,67.16,USD,,Delivered March 12,"PINECIL – Smart Mini Portable Soldering Iron, Small",B096X6SG13,1,0,0,,https://www.amazon.de/dp/B096X6SG13,https://www.amazon.com/your-orders/order-details?orderID=114-1047959-2134658&ref=ppx_yo2ov_dt_b_fed_order_details
112-3445614-8705015,2026-03-09,597,USD,0,Delivered March 10,"Apple AirPods Pro 3 Wireless Earbuds, Active Noise Cancellation, Live Translation, Heart Rate Sensing, Hearing Aid Feature, Bluetooth Headphones, Spatial Audio, High-Fidelity Sound, USB-C Charging",B0FQFB8FMG,3,0,0,,https://www.amazon.de/dp/B0FQFB8FMG,https://www.amazon.com/your-orders/order-details?orderID=112-3445614-8705015&ref=ppx_yo2ov_dt_b_fed_order_details
112-9441877-2876244,2026-03-09,29.21,USD,0,Delivered March 12,"LEVOIT Core P350-P Replacement Filter, Genuine Air Purifier Filter, Supports HEPA Sleep Mode, High-Efficiency Activated Carbon for Removal of Smoke, Odor, Allergens, Pollen, Core P350-RF, 1 Pack",B087R7ZFPB,1,0,0,,https://www.amazon.de/dp/B087R7ZFPB,https://www.amazon.com/your-orders/order-details?orderID=112-9441877-2876244&ref=ppx_yo2ov_dt_b_fed_order_details
114-6737407-1405011,2026-03-09,21.1,USD,0,Delivered March 12,"RXBAR Nut Butter and Oat Protein Bars, Protein Snacks, Snack Bars, Dark Chocolate Peanut Butter, 23.2oz Box (12 Count)",B0BQ9D92D8,1,0,0,,https://www.amazon.de/dp/B0BQ9D92D8,https://www.amazon.com/your-orders/order-details?orderID=114-6737407-1405011&ref=ppx_yo2ov_dt_b_fed_order_details
111-8918268-4371408,2026-03-08,20.36,USD,0,Delivered March 12,"RXBAR Nut Butter and Oat Protein Bars, Protein Snacks, Snack Bars, Honey Cinnamon Peanut Butter, 23.2oz Box (12 Count)",B09KMWCX72,1,0,0,,https://www.amazon.de/dp/B09KMWCX72,https://www.amazon.com/your-orders/order-details?orderID=111-8918268-4371408&ref=ppx_yo2ov_dt_b_fed_order_details
112-8783341-0900237,2026-03-08,0,EUR,0,Delivered March 9,"TUOFENG 18 AWG Stranded Wire Spool, Silicone Rubber Insulated Tinned Copper Flexible Wire Kit for Automotive Wiring, 6 Colors, 13.2ft/4m Each",B07G744V5Z,1,0,0,,https://www.amazon.de/dp/B07G744V5Z,https://www.amazon.com/your-orders/order-details?orderID=112-8783341-0900237&ref=ppx_yo2ov_dt_b_fed_order_details
112-8783341-0900237,2026-03-08,0,EUR,,Delivered March 9,"LET'S RESIN UV Resin Kit with Light, Bonding&Curing in Seconds, 30g UV Resin with Flashlight for Welding, Jewelry UV Glue Adhesive for Plastic Repair, Glass Light, Craft Decor",B0BJ65T85R,1,0,0,,https://www.amazon.de/dp/B0BJ65T85R,https://www.amazon.com/your-orders/order-details?orderID=112-8783341-0900237&ref=ppx_yo2ov_dt_b_fed_order_details
112-8424836-2794635,2026-03-08,8.12,USD,0,Delivered March 11,"Piutouyar Rainbow Color IDC Ribbon Cable, 10 Wire (16ft/5m) IDC Wire Connectors for 2.54mm Pitch Connectors",B0BS9HWV81,1,0,0,,https://www.amazon.de/dp/B0BS9HWV81,https://www.amazon.com/your-orders/order-details?orderID=112-8424836-2794635&ref=ppx_yo2ov_dt_b_fed_order_details
112-3637886-1163450,2026-03-08,357,USD,0,Delivered March 11,"Apple AirPods 4 Wireless Earbuds, Bluetooth Headphones, with Active Noise Cancellation, Adaptive, Transparency Mode, Personalized Spatial Audio, USB-C Charging Case, Wireless Charging, H2 Chip",B0DGJ7HYG1,3,0,0,,https://www.amazon.de/dp/B0DGJ7HYG1,https://www.amazon.com/your-orders/order-details?orderID=112-3637886-1163450&ref=ppx_yo2ov_dt_b_fed_order_details
112-8846889-7509055,2026-03-04,24.92,USD,0,Delivered March 6,"GIANNEER Deutsch Crimp Tool Closed Barrel Crimper 4 Way Indent 8 Impression Type Pin Crimping Tool for Deutsch Connector 14, 16, 18 AWG",B0BYZJ5FDV,1,0,0,,https://www.amazon.de/dp/B0BYZJ5FDV,https://www.amazon.com/your-orders/order-details?orderID=112-8846889-7509055&ref=ppx_yo2ov_dt_b_fed_order_details
112-0495906-5998608,2026-03-03,216.6,USD,0,,Philips Hue Lily Outdoor Smart LED Spotlight - White & Color Ambiance - Low Voltage Landscape Lighting - 1 Pack - Requires Bridge and Power Supply - Control with App and Voice - Weatherproof,B07DBLWB3V,2,0,0,,https://www.amazon.de/dp/B07DBLWB3V,https://www.amazon.com/your-orders/order-details?orderID=112-0495906-5998608&ref=ppx_yo2ov_dt_b_fed_order_details
114-6288608-0878635,2026-03-02,0,EUR,0,Cancelled,"Apple Watch Series 11 [GPS 46mm] Smartwatch with Jet Black Aluminum Case with Black Sport Band - M/L. Sleep Score, Fitness Tracker, Health Monitoring, Always-On Display, Water Resistant",B0FQF5BZ8Z,1,0,0,,https://www.amazon.de/dp/B0FQF5BZ8Z,
112-2145291-1329822,2026-03-01,10.82,USD,0,Delivered March 2,"DEWALT 18 pc. Compact Magnetic Drive Guide Set, Yellow (DWAF2058CS)",B07Z6X4WBN,1,0,0,,https://www.amazon.de/dp/B07Z6X4WBN,https://www.amazon.com/your-orders/order-details?orderID=112-2145291-1329822&ref=ppx_yo2ov_dt_b_fed_order_details
112-8449476-9708227,2026-03-01,357,USD,0,Delivered March 2,"Apple AirPods 4 Wireless Earbuds, Bluetooth Headphones, with Active Noise Cancellation, Adaptive, Transparency Mode, Personalized Spatial Audio, USB-C Charging Case, Wireless Charging, H2 Chip",B0DGJ7HYG1,3,0,0,,https://www.amazon.de/dp/B0DGJ7HYG1,https://www.amazon.com/your-orders/order-details?orderID=112-8449476-9708227&ref=ppx_yo2ov_dt_b_fed_order_details
114-1319958-2705062,2026-03-01,0,EUR,0,Cancelled,"Apple Watch Series 11 [GPS 42mm] Smartwatch with Jet Black Aluminum Case with Black Sport Band - S/M. Sleep Score, Fitness Tracker, Health Monitoring, Always-On Display, Water Resistant",B0FQFL8PZ5,3,0,0,,https://www.amazon.de/dp/B0FQFL8PZ5,
114-0938091-0446651,2026-03-01,0,EUR,0,Cancelled,"Apple Watch SE 3 [GPS 40mm] Smartwatch with Starlight Aluminum Case with Starlight Sport Band - S/M. Fitness and Sleep Trackers, Heart Rate Monitor, Always-On Display, Water Resistant",B0FQFNRH72,1,0,0,,https://www.amazon.de/dp/B0FQFNRH72,
114-7233188-7749851,2026-03-01,0,EUR,0,Cancelled,"Apple Watch SE 3 [GPS 40mm] Smartwatch with Starlight Aluminum Case with Starlight Sport Band - S/M. Fitness and Sleep Trackers, Heart Rate Monitor, Always-On Display, Water Resistant",B0FQFNRH72,1,0,0,,https://www.amazon.de/dp/B0FQFNRH72,
114-0002302-1985875,2026-03-01,0,EUR,0,Cancelled,"Apple Watch Series 11 [GPS 42mm] Smartwatch with Jet Black Aluminum Case with Black Sport Band - S/M. Sleep Score, Fitness Tracker, Health Monitoring, Always-On Display, Water Resistant",B0FQFL8PZ5,3,0,0,,https://www.amazon.de/dp/B0FQFL8PZ5,
112-9650499-5257002,2026-02-27,0,EUR,0,Cancelled,"EPAuto Waterproof Car Trash Can with Lid and Storage Pockets, 2.5 Gallon, Black",B07HYJ2YHN,1,0,0,,https://www.amazon.de/dp/B07HYJ2YHN,
112-6672168-0917854,2026-02-25,9.53,USD,0,Delivered February 26,"ISPINNER 50pcs 3/16"" x 1/2"" Large Flange Aluminum Blind Rivets, 4.8 x 12mm Pop Rivets (Silver)",B08KD9P78P,1,0,0,,https://www.amazon.de/dp/B08KD9P78P,https://www.amazon.com/your-orders/order-details?orderID=112-6672168-0917854&ref=ppx_yo2ov_dt_b_fed_order_details
114-5274864-1752234,2026-02-24,16.6,USD,0,Delivered February 27,"AMPCOM Cat6 Tool Free RJ45 Connector UTP Field Termination Modular Plug for 23-26 AWG Unshielded Ethernet Cable (Black, 12 Pack)",B0BQF34KK7,1,0,0,,https://www.amazon.de/dp/B0BQF34KK7,https://www.amazon.com/your-orders/order-details?orderID=114-5274864-1752234&ref=ppx_yo2ov_dt_b_fed_order_details
112-7628590-9077025,2026-02-24,0,EUR,0,Cancelled,HDMI KVM USB Extender Transmit 1080p HD Video Over Cat5e/6 Ethernet Cable 50m (164ft) for Mouse and Keyboard Control Remote Signals,B08K2MXBPR,1,0,0,,https://www.amazon.de/dp/B08K2MXBPR,
112-4939684-5996255,2026-02-24,108.36,USD,0,,"GL.iNet Comet (GL-RM1) Remote KVM Over Internet, 4K@30Hz Tailscale Support,Remote Keyboard, Video, Mouse, Install OS Via BIOS Control, Adapted KVM Switches for Home Offices,Data Center",B0F21SQ4S8,1,0,0,,https://www.amazon.de/dp/B0F21SQ4S8,https://www.amazon.com/your-orders/order-details?orderID=112-4939684-5996255&ref=ppx_yo2ov_dt_b_fed_order_details
112-2363192-3668220,2026-02-24,51.47,USD,0,,"OREI 4K HDMI Over Ethernet CAT6/CAT7 Extender, Extender RJ45 4K@30Hz Upto 130 Ft 1080P Upto 230 FT Full HD POC Transmitter & Receiver IR Loop Out (EX-230C)",B096N6SL1J,1,0,0,,https://www.amazon.de/dp/B096N6SL1J,https://www.amazon.com/your-orders/order-details?orderID=112-2363192-3668220&ref=ppx_yo2ov_dt_b_fed_order_details
114-3380305-2310603,2026-02-24,0,EUR,0,Cancelled,"OREI 4K HDMI Over Ethernet CAT6/CAT7 Extender, Extender RJ45 4K@30Hz Upto 130 Ft 1080P Upto 230 FT Full HD POC Transmitter & Receiver IR Loop Out (EX-230C)",B096N6SL1J,1,0,0,,https://www.amazon.de/dp/B096N6SL1J,
114-9872145-0606632,2026-02-24,0,EUR,0,Cancelled,"OREI 4K HDMI Over Ethernet CAT6/CAT7 Extender, Extender RJ45 4K@30Hz Upto 130 Ft 1080P Upto 230 FT Full HD POC Transmitter & Receiver IR Loop Out (EX-230C)",B096N6SL1J,1,0,0,,https://www.amazon.de/dp/B096N6SL1J,
114-9644045-1059404,2026-02-24,0,EUR,0,Cancelled,"GL.iNet Comet (GL-RM1) Remote KVM Over Internet, 4K@30Hz Tailscale Support,Remote Keyboard, Video, Mouse, Install OS Via BIOS Control, Adapted KVM Switches for Home Offices,Data Center",B0F21SQ4S8,1,0,0,,https://www.amazon.de/dp/B0F21SQ4S8,
114-0774516-8690654,2026-02-24,74.79,USD,0,Delivered February 25,HDMI KVM USB Extender Transmit 1080p HD Video Over Cat5e/6 Ethernet Cable 50m (164ft) for Mouse and Keyboard Control Remote Signals,B08K2MXBPR,1,0,0,,https://www.amazon.de/dp/B08K2MXBPR,https://www.amazon.com/your-orders/order-details?orderID=114-0774516-8690654&ref=ppx_yo2ov_dt_b_fed_order_details
114-5675899-3912249,2026-02-24,17.49,USD,0,Delivered February 25,"Geeetech Metal Shine Filament 1.75mm for 3D Printer, Silk PLA 1kg (2.2lbs) Spool, Metallic Royal Blue 3D Printing Filament, Dimensional Accuracy +/- 0.02 mm",B08X4PHTKC,1,0,0,,https://www.amazon.de/dp/B08X4PHTKC,https://www.amazon.com/your-orders/order-details?orderID=114-5675899-3912249&ref=ppx_yo2ov_dt_b_fed_order_details
111-5365186-6704217,2026-02-23,14.66,USD,0,Delivered February 24,"Klutchtech Compatiable with Starlink Cable 6.5FT, for Starlink Mini Replacement Cable for Mini DC Power Cord Waterproof (2M/6.5FT) Gray",B0D8PLHM94,1,0,0,,https://www.amazon.de/dp/B0D8PLHM94,https://www.amazon.com/your-orders/order-details?orderID=111-5365186-6704217&ref=ppx_yo2ov_dt_b_fed_order_details
113-5434337-7391422,2026-02-22,15.16,USD,0,Delivered February 23,"Starlink Router Mini Mount, Punch-Free Wall Mount Bracket, Not damaging The Wall Strong Traceless Glue, Secure Installation Without Falling, Suitable for Starlink Mini Mesh Router",B0F9VBH3G3,1,0,0,,https://www.amazon.de/dp/B0F9VBH3G3,https://www.amazon.com/your-orders/order-details?orderID=113-5434337-7391422&ref=ppx_yo2ov_dt_b_fed_order_details
113-9873784-0421027,2026-02-22,78.02,USD,0,,"OREI KVM 4K HDMI Extender Balun Over Single CAT6/7 Ethernet Cable 4K,30Hz Upto 130 Feet - 2 USB 1.1 Ports, Supports Keyboard and Mouse",B0BBJC8Q96,1,0,0,,https://www.amazon.de/dp/B0BBJC8Q96,https://www.amazon.com/your-orders/order-details?orderID=113-9873784-0421027&ref=ppx_yo2ov_dt_b_fed_order_details
114-8559826-2005849,2026-02-19,0,EUR,0,Cancelled,"Woodstock International W1020 Reducer - O.D.: 3"" x 2"", Overall: 4"" x 3"" x 3""",B000YKFM72,1,0,0,,https://www.amazon.de/dp/B000YKFM72,
114-7101531-6736236,2026-02-19,0,EUR,0,Cancelled,Elifecenter Universal Stainless ID 2 inch to OD 3 inch Exhaust Adapter Reducer,B0BQBZTF91,1,0,0,,https://www.amazon.de/dp/B0BQBZTF91,
114-8860853-8167404,2026-02-19,48.76,USD,0,Delivered February 20,"Cat 6 Outdoor Ethernet Cable 150 ft (45.72m), Support Cat8/7 Network, 10Gbps 550MHz, 24AWG Pure Copper, Direct Burial Waterproof In-Ground UV Resistant LAN Patch Cable for Router, Modem, Switch, Black",B0CSG1CBM4,1,0,0,,https://www.amazon.de/dp/B0CSG1CBM4,https://www.amazon.com/your-orders/order-details?orderID=114-8860853-8167404&ref=ppx_yo2ov_dt_b_fed_order_details
114-2339299-8127461,2026-02-17,102.3,USD,0,,Philips Hue Outdoor 8-Foot Cable and T Connector - Connect Your Hue Outdoor Low Voltage Lights - 1 Pack - Requires Hue Bridge - Weatherproof,B08BF5MS3V,5,0,0,,https://www.amazon.de/dp/B08BF5MS3V,https://www.amazon.com/your-orders/order-details?orderID=114-2339299-8127461&ref=ppx_yo2ov_dt_b_fed_order_details
114-3090794-5525022,2026-02-17,0,EUR,0,Delivered February 18,"Apple Watch SE 3 [GPS 40mm] Smartwatch with Starlight Aluminum Case with Starlight Sport Band - S/M. Fitness and Sleep Trackers, Heart Rate Monitor, Always-On Display, Water Resistant",B0FQFNRH72,3,0,0,,https://www.amazon.de/dp/B0FQFNRH72,https://www.amazon.com/your-orders/order-details?orderID=114-3090794-5525022&ref=ppx_yo2ov_dt_b_fed_order_details
111-3208659-2653058,2026-02-16,897,USD,0,Delivered February 19,"Apple iPad 11-inch: A16 chip, 11-inch Model, Liquid Retina Display, 128GB, Wi-Fi 6, 12MP Front/12MP Back Camera, Touch ID, All-Day Battery Life — Blue",B0DZ75TN5F,3,0,0,,https://www.amazon.de/dp/B0DZ75TN5F,https://www.amazon.com/your-orders/order-details?orderID=111-3208659-2653058&ref=ppx_yo2ov_dt_b_fed_order_details
114-3736347-4265064,2026-02-15,897,USD,0,Delivered February 17,"Apple iPad 11-inch: A16 chip, 11-inch Model, Liquid Retina Display, 128GB, Wi-Fi 6, 12MP Front/12MP Back Camera, Touch ID, All-Day Battery Life — Pink",B0DZ7871B8,3,0,0,,https://www.amazon.de/dp/B0DZ7871B8,https://www.amazon.com/your-orders/order-details?orderID=114-3736347-4265064&ref=ppx_yo2ov_dt_b_fed_order_details
114-3857413-2837053,2026-02-14,25.97,USD,0,Delivered February 15,"Gorilla All Weather Duct Tape, Black, 1.88"" x 25 yd (Pack of 2) - UV and Temperature Resistant Waterproof Tape for Outdoor Repairs",B09WB29W9Z,1,0,0,,https://www.amazon.de/dp/B09WB29W9Z,https://www.amazon.com/your-orders/order-details?orderID=114-3857413-2837053&ref=ppx_yo2ov_dt_b_fed_order_details
112-9291253-6457830,2026-02-13,0,EUR,0,Cancelled,Philips Hue Outdoor 16-Foot Cable Extension - Extend Your Hue Outdoor Low Voltage Lights - 1 Pack - Requires Hue Bridge - Weatherproof,B07DBLX9LG,5,0,0,,https://www.amazon.de/dp/B07DBLX9LG,
112-1668220-7505012,2026-02-13,68.28,USD,0,,Philips Hue Outdoor 8-Foot Cable and T Connector - Connect Your Hue Outdoor Low Voltage Lights - 1 Pack - Requires Hue Bridge - Weatherproof,B08BF5MS3V,3,0,0,,https://www.amazon.de/dp/B08BF5MS3V,https://www.amazon.com/your-orders/order-details?orderID=112-1668220-7505012&ref=ppx_yo2ov_dt_b_fed_order_details
112-0069255-8900232,2026-02-12,97.53,USD,0,Delivered February 13,Philips Hue Outdoor 100W Power Supply Black - Connect Multiple Hue Outdoor Low Voltage Lights up to Total of 100W - 1 Pack - Requires Hue Bridge - Weatherproof,B08BFLLJM4,1,0,0,,https://www.amazon.de/dp/B08BFLLJM4,https://www.amazon.com/your-orders/order-details?orderID=112-0069255-8900232&ref=ppx_yo2ov_dt_b_fed_order_details
113-8173392-3358617,2026-02-12,68.28,USD,0,Delivered February 15,Philips Hue Outdoor 8-Foot Cable and T Connector - Connect Your Hue Outdoor Low Voltage Lights - 1 Pack - Requires Hue Bridge - Weatherproof,B08BF5MS3V,3,0,0,,https://www.amazon.de/dp/B08BF5MS3V,https://www.amazon.com/your-orders/order-details?orderID=113-8173392-3358617&ref=ppx_yo2ov_dt_b_fed_order_details
113-9511046-4369839,2026-02-12,97.55,USD,0,Delivered February 17,Philips Hue Outdoor 8-Foot Cable and T Connector - Connect Your Hue Outdoor Low Voltage Lights - 1 Pack - Requires Hue Bridge - Weatherproof,B08BF5MS3V,5,0,0,,https://www.amazon.de/dp/B08BF5MS3V,https://www.amazon.com/your-orders/order-details?orderID=113-9511046-4369839&ref=ppx_yo2ov_dt_b_fed_order_details
113-2943140-1261830,2026-02-12,21.66,USD,0,,Philips Hue Outdoor 16-Foot Cable Extension - Extend Your Hue Outdoor Low Voltage Lights - 1 Pack - Requires Hue Bridge - Weatherproof,B07DBLX9LG,1,0,0,,https://www.amazon.de/dp/B07DBLX9LG,https://www.amazon.com/your-orders/order-details?orderID=113-2943140-1261830&ref=ppx_yo2ov_dt_b_fed_order_details
114-0111740-3830634,2026-02-10,0,EUR,0,Delivered February 12,"Amazon Basics Rectangle 6-Outlet, 600 Joule Surge Protector Power Strip, 2ft, Black, Small, 2-Pack",B0D1XNYKD5,1,0,0,,https://www.amazon.de/dp/B0D1XNYKD5,https://www.amazon.com/your-orders/order-details?orderID=114-0111740-3830634&ref=ppx_yo2ov_dt_b_fed_order_details
112-4584005-7953869,2026-02-10,17.33,USD,0,Delivered February 12,"Ninja Woodfire Pellets, All Purpose Blend 5-lb Bag, 100% Real Wood, Only Compatible with Ninja Woodfire Grills & Ovens, All Purpose Blend, XSKOP5AP",B0FLFGQJTG,1,0,0,,https://www.amazon.de/dp/B0FLFGQJTG,https://www.amazon.com/your-orders/order-details?orderID=112-4584005-7953869&ref=ppx_yo2ov_dt_b_fed_order_details
112-3069742-1889060,2026-02-10,86.69,USD,0,,Philips Hue Outdoor 100W Power Supply Black - Connect Multiple Hue Outdoor Low Voltage Lights up to Total of 100W - 1 Pack - Requires Hue Bridge - Weatherproof,B08BFLLJM4,1,0,0,,https://www.amazon.de/dp/B08BFLLJM4,https://www.amazon.com/your-orders/order-details?orderID=112-3069742-1889060&ref=ppx_yo2ov_dt_b_fed_order_details
114-0570813-1640233,2026-02-10,299.99,USD,0,Delivered February 17,"iGPSPORT Bike Computer Mount, Common Extended Out Front Bike Mount Compatible with Garmin Wahoo Cycplus CooSpo XOSS Cycling Computer",B09TK3HKXN,1,0,0,,https://www.amazon.de/dp/B09TK3HKXN,https://www.amazon.com/your-orders/order-details?orderID=114-0570813-1640233&ref=ppx_yo2ov_dt_b_fed_order_details
114-0570813-1640233,2026-02-10,299.99,USD,,Delivered February 17,"iGPSPORT iGS800 Bike Computer Touchscreen, 3.5'' Offline MAP Navigation WiFi Bluetooth ANT+ Smart GPS Cycling Computer 32GB IPX7 Waterproof",B0CYSNV1R8,1,0,0,,https://www.amazon.de/dp/B0CYSNV1R8,https://www.amazon.com/your-orders/order-details?orderID=114-0570813-1640233&ref=ppx_yo2ov_dt_b_fed_order_details
114-7293734-6582608,2026-02-10,0,EUR,0,Cancelled,"iGPSPORT iGS800 Bike Computer Touchscreen, 3.5'' Offline MAP Navigation WiFi Bluetooth ANT+ Smart GPS Cycling Computer 32GB IPX7 Waterproof",B0CYSNV1R8,10,0,0,,https://www.amazon.de/dp/B0CYSNV1R8,
114-7293734-6582608,2026-02-10,0,EUR,,Cancelled,"iGPSPORT Bike Computer Mount, Common Extended Out Front Bike Mount Compatible with Garmin Wahoo Cycplus CooSpo XOSS Cycling Computer",B09TK3HKXN,10,0,0,,https://www.amazon.de/dp/B09TK3HKXN,
111-8955895-9063456,2026-02-09,32.46,USD,0,Delivered February 10,"OOFT 100% Hardwood Pizza Oven Pellets - Moisture Proof Resealable Bag - High Heat Output - Suitable for Ooni, Dellonda, Nero, Fresh Grills, Ninja Woodfire and Other Pellet Ovens and Grills - 10lb Bag",B0BX4CYSKS,1,0,0,,https://www.amazon.de/dp/B0BX4CYSKS,https://www.amazon.com/your-orders/order-details?orderID=111-8955895-9063456&ref=ppx_yo2ov_dt_b_fed_order_details
111-7796020-3199424,2026-02-09,899.97,USD,0,Delivered February 11,"Apple iPad 11-inch: A16 chip, 11-inch Model, Liquid Retina Display, 128GB, Wi-Fi 6, 12MP Front/12MP Back Camera, Touch ID, All-Day Battery Life — Silver",B0DZ77D5HL,3,0,0,,https://www.amazon.de/dp/B0DZ77D5HL,https://www.amazon.com/your-orders/order-details?orderID=111-7796020-3199424&ref=ppx_yo2ov_dt_b_fed_order_details
113-4522079-8254623,2026-02-09,5.26,USD,0,Delivered February 13,"Amazon Basics Gel Odor Eliminator, Activated Charcoal, Fragrance Free, 17 Oz, Pack of 1",B09B1QT2RP,1,0,0,,https://www.amazon.de/dp/B09B1QT2RP,https://www.amazon.com/your-orders/order-details?orderID=113-4522079-8254623&ref=ppx_yo2ov_dt_b_fed_order_details
113-3320569-7064206,2026-02-09,0,EUR,0,Delivered February 11,"Comgrow ArcticGrip Aurora Build Plate 235x235mm for Ender-3/Ender-3 V2/Ender-3 S1 Series 3D Printers, Frost Matte Blue Cold Print Sheet, Double-Sided Magnetic Surface Platform",B0FRGF2XSQ,1,0,0,,https://www.amazon.de/dp/B0FRGF2XSQ,https://www.amazon.com/your-orders/order-details?orderID=113-3320569-7064206&ref=ppx_yo2ov_dt_b_fed_order_details
114-8986058-5270643,2026-02-09,899.97,USD,0,Delivered February 10,"Apple iPad 11-inch: A16 chip, 11-inch Model, Liquid Retina Display, 128GB, Wi-Fi 6, 12MP Front/12MP Back Camera, Touch ID, All-Day Battery Life — Blue",B0DZ75TN5F,3,0,0,,https://www.amazon.de/dp/B0DZ75TN5F,https://www.amazon.com/your-orders/order-details?orderID=114-8986058-5270643&ref=ppx_yo2ov_dt_b_fed_order_details
114-1505140-1771461,2026-02-08,0,EUR,0,Delivered February 17,"Apple iPad 11-inch: A16 chip, 11-inch Model, Liquid Retina Display, 256GB, Wi-Fi 6, 12MP Front/12MP Back Camera, Touch ID, All-Day Battery Life — Silver",B0DZ773FRV,3,0,0,,https://www.amazon.de/dp/B0DZ773FRV,https://www.amazon.com/your-orders/order-details?orderID=114-1505140-1771461&ref=ppx_yo2ov_dt_b_fed_order_details
114-1505140-1771461,2026-02-08,0,EUR,,Delivered February 17,"Apple iPad 11-inch: A16 chip, 11-inch Model, Liquid Retina Display, 256GB, Wi-Fi 6, 12MP Front/12MP Back Camera, Touch ID, All-Day Battery Life — Pink",B0DZ75LB5F,3,0,0,,https://www.amazon.de/dp/B0DZ75LB5F,https://www.amazon.com/your-orders/order-details?orderID=114-1505140-1771461&ref=ppx_yo2ov_dt_b_fed_order_details
114-4898368-3664229,2026-02-08,899.97,USD,0,Delivered February 10,"Apple iPad 11-inch: A16 chip, 11-inch Model, Liquid Retina Display, 128GB, Wi-Fi 6, 12MP Front/12MP Back Camera, Touch ID, All-Day Battery Life — Pink",B0DZ7871B8,3,0,0,,https://www.amazon.de/dp/B0DZ7871B8,https://www.amazon.com/your-orders/order-details?orderID=114-4898368-3664229&ref=ppx_yo2ov_dt_b_fed_order_details
114-4152083-9902659,2026-02-07,1197,USD,0,Delivered February 10,"Apple iPad 11-inch: A16 chip, 11-inch Model, Liquid Retina Display, 256GB, Wi-Fi 6, 12MP Front/12MP Back Camera, Touch ID, All-Day Battery Life — Blue",B0DZ76LW4J,3,0,0,,https://www.amazon.de/dp/B0DZ76LW4J,https://www.amazon.com/your-orders/order-details?orderID=114-4152083-9902659&ref=ppx_yo2ov_dt_b_fed_order_details
111-0525761-3222607,2026-02-06,897,USD,0,Delivered February 10,"Apple iPad 11-inch: A16 chip, 11-inch Model, Liquid Retina Display, 128GB, Wi-Fi 6, 12MP Front/12MP Back Camera, Touch ID, All-Day Battery Life — Yellow",B0DZ751XN6,3,0,0,,https://www.amazon.de/dp/B0DZ751XN6,https://www.amazon.com/your-orders/order-details?orderID=111-0525761-3222607&ref=ppx_yo2ov_dt_b_fed_order_details
114-4805584-5609057,2026-02-04,5.86,USD,0,Delivered February 13,"OxiClean Washing Machine Cleaner with Odor Blasters, 4 Count",B00UASJMG0,1,0,0,,https://www.amazon.de/dp/B00UASJMG0,https://www.amazon.com/your-orders/order-details?orderID=114-4805584-5609057&ref=ppx_yo2ov_dt_b_fed_order_details
114-5764747-9163450,2026-02-04,1598,USD,0,Delivered February 9,"Microsoft Surface Pro 2-in-1 Laptop/Tablet (2024), Windows 11 Copilot+ PC, 13"" Touchscreen Display, Snapdragon X Plus (10 Core), 16GB RAM, 512GB Storage, Platinum",B0CXKTL1SK,2,0,0,,https://www.amazon.de/dp/B0CXKTL1SK,https://www.amazon.com/your-orders/order-details?orderID=114-5764747-9163450&ref=ppx_yo2ov_dt_b_fed_order_details
114-3976469-6981849,2026-02-04,602.97,USD,0,Delivered February 12,"Crucial P310 2TB SSD, PCIe Gen4 NVMe M.2 2280, Up to 7,100MB/s, for Laptop, Desktop (PC), & Handheld Gaming Consoles, Includes Acronis Data Recovery Software, Solid State Drive - CT2000P310SSD801",B0DC8RVRBZ,3,0,0,,https://www.amazon.de/dp/B0DC8RVRBZ,https://www.amazon.com/your-orders/order-details?orderID=114-3976469-6981849&ref=ppx_yo2ov_dt_b_fed_order_details
114-5878206-3555456,2026-02-04,3.49,USD,0,Delivered February 5,"EXTRA Watermelon Sugar Free Chewing Gum, 15 ct (3 Pack)",B004VXO3LY,1,0,0,,https://www.amazon.de/dp/B004VXO3LY,https://www.amazon.com/your-orders/order-details?orderID=114-5878206-3555456&ref=ppx_yo2ov_dt_b_fed_order_details
112-1850342-3000249,2026-02-03,18.52,USD,0,,"Comgrow ArcticGrip Aurora Build Plate 235x235mm for Ender-3/Ender-3 V2/Ender-3 S1 Series 3D Printers, Frost Matte Blue Cold Print Sheet, Double-Sided Magnetic Surface Platform",B0FRGF2XSQ,1,0,0,,https://www.amazon.de/dp/B0FRGF2XSQ,https://www.amazon.com/your-orders/order-details?orderID=112-1850342-3000249&ref=ppx_yo2ov_dt_b_fed_order_details
112-4633568-1224224,2026-02-03,552,USD,0,Delivered February 6,"Apple AirPods Pro 3 Wireless Earbuds, Active Noise Cancellation, Live Translation, Heart Rate Sensing,Hearing Aid Feature,Bluetooth Headphones,Spatial Audio, High-Fidelity Sound, USB-C Charging, White",B0FQFB8FMG,3,0,0,,https://www.amazon.de/dp/B0FQFB8FMG,https://www.amazon.com/your-orders/order-details?orderID=112-4633568-1224224&ref=ppx_yo2ov_dt_b_fed_order_details
114-3279207-4791443,2026-02-03,0,EUR,0,Delivered February 9,"Apple iPad Air 11-inch with M3 chip Built for Apple Intelligence, Liquid Retina Display, 256GB, 12MP Front/Back Camera, Wi-Fi 6E, Touch ID, All-Day Battery Life — Purple",B0DZ74W8QP,3,0,0,,https://www.amazon.de/dp/B0DZ74W8QP,https://www.amazon.com/your-orders/order-details?orderID=114-3279207-4791443&ref=ppx_yo2ov_dt_b_fed_order_details
114-3279207-4791443,2026-02-03,0,EUR,,Delivered February 9,"Apple iPad Air 11-inch with M3 chip Built for Apple Intelligence, Liquid Retina Display, 256GB, 12MP Front/Back Camera, Wi-Fi 6E, Touch ID, All-Day Battery Life — Blue",B0DZ76RM7P,3,0,0,,https://www.amazon.de/dp/B0DZ76RM7P,https://www.amazon.com/your-orders/order-details?orderID=114-3279207-4791443&ref=ppx_yo2ov_dt_b_fed_order_details
114-3279207-4791443,2026-02-03,0,EUR,,Delivered February 9,"Apple iPad Air 11-inch with M3 chip Built for Apple Intelligence, Liquid Retina Display, 256GB, 12MP Front/Back Camera, Wi-Fi 6E, Touch ID, All-Day Battery Life — Space Gray",B0DZ754XKT,3,0,0,,https://www.amazon.de/dp/B0DZ754XKT,https://www.amazon.com/your-orders/order-details?orderID=114-3279207-4791443&ref=ppx_yo2ov_dt_b_fed_order_details
112-3979576-9949866,2026-02-02,899.97,USD,0,Delivered February 4,"Apple iPad 11-inch: A16 chip, 11-inch Model, Liquid Retina Display, 128GB, Wi-Fi 6, 12MP Front/12MP Back Camera, Touch ID, All-Day Battery Life — Silver",B0DZ77D5HL,3,0,0,,https://www.amazon.de/dp/B0DZ77D5HL,https://www.amazon.com/your-orders/order-details?orderID=112-3979576-9949866&ref=ppx_yo2ov_dt_b_fed_order_details
112-6468345-2705041,2026-02-02,17.2,USD,0,Delivered February 4,"BaldrTherm Floating Pool Thermometer, Swimming Pool Thermometer Digital Solar, High Accurate, Anti-Fog Dual-Sided Display Screen for Babybath, Spas & Aquariums (Blue)",B0F9NG5KPP,1,0,0,,https://www.amazon.de/dp/B0F9NG5KPP,https://www.amazon.com/your-orders/order-details?orderID=112-6468345-2705041&ref=ppx_yo2ov_dt_b_fed_order_details
114-1061890-3440251,2026-02-02,899.97,USD,0,Delivered February 3,"Apple iPad 11-inch: A16 chip, 11-inch Model, Liquid Retina Display, 128GB, Wi-Fi 6, 12MP Front/12MP Back Camera, Touch ID, All-Day Battery Life — Blue",B0DZ75TN5F,3,0,0,,https://www.amazon.de/dp/B0DZ75TN5F,https://www.amazon.com/your-orders/order-details?orderID=114-1061890-3440251&ref=ppx_yo2ov_dt_b_fed_order_details
114-5502569-1257016,2026-02-01,1196,USD,0,Delivered February 9,"Apple Watch Series 11 [GPS 42mm] Smartwatch with Jet Black Aluminum Case with Black Sport Band - S/M. Sleep Score, Fitness Tracker, Health Monitoring, Always-On Display, Water Resistant",B0FQFL8PZ5,3,0,0,,https://www.amazon.de/dp/B0FQFL8PZ5,https://www.amazon.com/your-orders/order-details?orderID=114-5502569-1257016&ref=ppx_yo2ov_dt_b_fed_order_details
114-5502569-1257016,2026-02-01,1196,USD,,Delivered February 9,"Apple Watch Series 11 [GPS 42mm] Smartwatch with Rose Gold Aluminum Case with Light Blush Sport Band - S/M. Sleep Score, Fitness Tracker, Health Monitoring, Always-On Display, Water Resistant",B0FQF9ZX7P,3,0,0,,https://www.amazon.de/dp/B0FQF9ZX7P,https://www.amazon.com/your-orders/order-details?orderID=114-5502569-1257016&ref=ppx_yo2ov_dt_b_fed_order_details
114-2685305-2344201,2026-02-01,799.98,USD,0,Delivered February 9,"Apple iPad 11-inch: A16 chip, 11-inch Model, Liquid Retina Display, 256GB, Wi-Fi 6, 12MP Front/12MP Back Camera, Touch ID, All-Day Battery Life — Pink",B0DZ75LB5F,2,0,0,,https://www.amazon.de/dp/B0DZ75LB5F,https://www.amazon.com/your-orders/order-details?orderID=114-2685305-2344201&ref=ppx_yo2ov_dt_b_fed_order_details
112-9191787-9668238,2026-02-01,1599.96,USD,0,Delivered February 9,"Apple iPad 11-inch: A16 chip, 11-inch Model, Liquid Retina Display, 256GB, Wi-Fi 6, 12MP Front/12MP Back Camera, Touch ID, All-Day Battery Life — Pink",B0DZ75LB5F,3,0,0,,https://www.amazon.de/dp/B0DZ75LB5F,https://www.amazon.com/your-orders/order-details?orderID=112-9191787-9668238&ref=ppx_yo2ov_dt_b_fed_order_details
112-9191787-9668238,2026-02-01,1599.96,USD,,Delivered February 9,"Apple iPad 11-inch: A16 chip, 11-inch Model, Liquid Retina Display, 256GB, Wi-Fi 6, 12MP Front/12MP Back Camera, Touch ID, All-Day Battery Life — Silver",B0DZ773FRV,3,0,0,,https://www.amazon.de/dp/B0DZ773FRV,https://www.amazon.com/your-orders/order-details?orderID=112-9191787-9668238&ref=ppx_yo2ov_dt_b_fed_order_details
112-7789089-1863452,2026-02-01,899.97,USD,0,Delivered February 3,"Apple iPad 11-inch: A16 chip, 11-inch Model, Liquid Retina Display, 128GB, Wi-Fi 6, 12MP Front/12MP Back Camera, Touch ID, All-Day Battery Life — Pink",B0DZ7871B8,3,0,0,,https://www.amazon.de/dp/B0DZ7871B8,https://www.amazon.com/your-orders/order-details?orderID=112-7789089-1863452&ref=ppx_yo2ov_dt_b_fed_order_details
113-8532608-4453861,2026-02-01,48.34,USD,0,Delivered February 15,"Pure Encapsulations Magnesium (Glycinate) - Supplement to Support Stress Relief, Sleep, Heart Health, Nerves, Muscles, and Metabolism* - with Magnesium Glycinate - 180 Capsules",B0058HWV9S,1,0,0,,https://www.amazon.de/dp/B0058HWV9S,https://www.amazon.com/your-orders/order-details?orderID=113-8532608-4453861&ref=ppx_yo2ov_dt_b_fed_order_details
113-1915751-2174622,2026-01-30,897,USD,0,Delivered February 4,"Apple iPad 11-inch: A16 chip, 11-inch Model, Liquid Retina Display, 128GB, Wi-Fi 6, 12MP Front/12MP Back Camera, Touch ID, All-Day Battery Life — Yellow",B0DZ751XN6,3,0,0,,https://www.amazon.de/dp/B0DZ751XN6,https://www.amazon.com/your-orders/order-details?orderID=113-1915751-2174622&ref=ppx_yo2ov_dt_b_fed_order_details
113-7945054-6685808,2026-01-30,0,EUR,0,Cancelled,"Apple iPad 11-inch: A16 chip, 11-inch Model, Liquid Retina Display, 128GB, Wi-Fi 6, 12MP Front/12MP Back Camera, Touch ID, All-Day Battery Life — Yellow",B0DZ751XN6,3,0,0,,https://www.amazon.de/dp/B0DZ751XN6,
114-2009841-9175434,2026-01-29,16.36,USD,0,Delivered January 30,"Coca-Cola Zero Sugar Soda, 12 fl oz Cans, 12 Pack - Classic Cola Soft Drink Fridge Pack",B000OV0S84,3,0,0,,https://www.amazon.de/dp/B000OV0S84,https://www.amazon.com/your-orders/order-details?orderID=114-2009841-9175434&ref=ppx_yo2ov_dt_b_fed_order_details
114-7100896-5822628,2026-01-28,29.25,USD,0,,2 PCS High Lift Jack Mount Brackets for Truck Bed Deck Rail System fit for Toyota Tacoma 2005 Up,B0BRN6KKMW,1,0,0,,https://www.amazon.de/dp/B0BRN6KKMW,https://www.amazon.com/your-orders/order-details?orderID=114-7100896-5822628&ref=ppx_yo2ov_dt_b_fed_order_details
114-5290199-1985049,2026-01-27,1289.97,USD,0,Delivered February 3,"Apple AirPods Max Wireless Over-Ear Headphones, Pro-Level Active Noise Cancellation, Transparency Mode, Personalized Spatial Audio, USB-C Charging, Bluetooth Headphones for iPhone - Midnight",B0DGJC52FP,3,0,0,,https://www.amazon.de/dp/B0DGJC52FP,https://www.amazon.com/your-orders/order-details?orderID=114-5290199-1985049&ref=ppx_yo2ov_dt_b_fed_order_details
112-1226790-7986654,2026-01-27,954,USD,0,,"Apple AirPods Pro 3 Wireless Earbuds, Active Noise Cancellation, Live Translation, Heart Rate Sensing,Hearing Aid Feature,Bluetooth Headphones,Spatial Audio, High-Fidelity Sound, USB-C Charging, White",B0FQFB8FMG,3,0,0,,https://www.amazon.de/dp/B0FQFB8FMG,https://www.amazon.com/your-orders/order-details?orderID=112-1226790-7986654&ref=ppx_yo2ov_dt_b_fed_order_details
112-1226790-7986654,2026-01-27,954,USD,,,"Apple AirPods 4 Wireless Earbuds, Bluetooth Headphones, with Active Noise Cancellation, Adaptive, Transparency Mode, Personalized Spatial Audio, USB-C Charging Case, Wireless Charging, H2 Chip",B0DGJ7HYG1,3,0,0,,https://www.amazon.de/dp/B0DGJ7HYG1,https://www.amazon.com/your-orders/order-details?orderID=112-1226790-7986654&ref=ppx_yo2ov_dt_b_fed_order_details
114-9220905-4821052,2026-01-26,872,USD,0,,"Apple iPad 11-inch: A16 chip, 11-inch Model, Liquid Retina Display, 128GB, Wi-Fi 6, 12MP Front/12MP Back Camera, Touch ID, All-Day Battery Life — Blue",B0DZ75TN5F,3,0,0,,https://www.amazon.de/dp/B0DZ75TN5F,https://www.amazon.com/your-orders/order-details?orderID=114-9220905-4821052&ref=ppx_yo2ov_dt_b_fed_order_details
112-5874395-7220241,2026-01-24,284.97,USD,0,,"Apple Pencil Pro: Latest Model - Device Compatibility Check Required - Pixel-Perfect Precision, Tilt and Pressure Sensitivity, Ideal for Note-Taking, Drawing, and Art. Charges and Pairs Magnetically",B0D3J71RM7,3,0,0,,https://www.amazon.de/dp/B0D3J71RM7,https://www.amazon.com/your-orders/order-details?orderID=112-5874395-7220241&ref=ppx_yo2ov_dt_b_fed_order_details
112-7714608-3953059,2026-01-17,19.3,USD,0,,"RXBAR Nut Butter and Oat Protein Bars, Protein Snacks, Snack Bars, Honey Cinnamon Peanut Butter, 23.2oz Box (12 Count)",B09KMWCX72,1,0,0,,https://www.amazon.de/dp/B09KMWCX72,https://www.amazon.com/your-orders/order-details?orderID=112-7714608-3953059&ref=ppx_yo2ov_dt_b_fed_order_details
112-9790309-4640208,2026-01-11,28.18,USD,0,,"Pure Encapsulations Magnesium (Glycinate) - Supplement to Support Stress Relief, Sleep, Heart Health, Nerves, Muscles, and Metabolism* - with Magnesium Glycinate - 90 Capsules",B07P5K7DQP,1,0,0,,https://www.amazon.de/dp/B07P5K7DQP,https://www.amazon.com/your-orders/order-details?orderID=112-9790309-4640208&ref=ppx_yo2ov_dt_b_fed_order_details
112-8008827-4602646,2026-01-10,21.66,USD,0,,"Bulex XXL Mesh Duffle Bag for Scuba Dive or Snorkel Gear, Extra Large Snorkeling Equipment Carry Bag, Ideal for Beach Pool Swimming Free Diving Kayak Spearfishing",B07QKB9GTW,1,0,0,,https://www.amazon.de/dp/B07QKB9GTW,https://www.amazon.com/your-orders/order-details?orderID=112-8008827-4602646&ref=ppx_yo2ov_dt_b_fed_order_details
112-3947840-1881066,2026-01-10,0,EUR,0,,Nawgut Sequin Blazer Sparkle Suit Disco Prom Jacket Party Shiny Tuxedo Banquet Celebration Fashion Sport Coat for Mens Adult-X-Large Gold,B0CY1JFYLF,1,0,0,,https://www.amazon.de/dp/B0CY1JFYLF,https://www.amazon.com/your-orders/order-details?orderID=112-3947840-1881066&ref=ppx_yo2ov_dt_b_fed_order_details
112-3947840-1881066,2026-01-10,0,EUR,,,"Coucoland Gold Sequin Jacket-Sparkly Blazer 70s Outfits for Men Disco Costume(Gold,2XL)",B0BNBDLPQR,1,0,0,,https://www.amazon.de/dp/B0BNBDLPQR,https://www.amazon.com/your-orders/order-details?orderID=112-3947840-1881066&ref=ppx_yo2ov_dt_b_fed_order_details
113-4221629-1832248,2026-01-10,17.33,USD,0,,Playful Red Octopus with Funny Sunglasses Look T-Shirt,B0DTJS3MT3,1,0,0,,https://www.amazon.de/dp/B0DTJS3MT3,https://www.amazon.com/your-orders/order-details?orderID=113-4221629-1832248&ref=ppx_yo2ov_dt_b_fed_order_details
113-5480570-6098667,2026-01-10,699,USD,0,,"Apple Watch Series 11 [GPS + Cellular 46mm] Smartwatch with Slate Titanium Case with Slate Milanese Loop - M/L. Sleep Score, Fitness Tracker, Health Monitoring, Always-On Display, Water Resistant",B0FQG8HF85,1,0,0,,https://www.amazon.de/dp/B0FQG8HF85,https://www.amazon.com/your-orders/order-details?orderID=113-5480570-6098667&ref=ppx_yo2ov_dt_b_fed_order_details
112-2600594-9517060,2026-01-07,599.97,USD,0,,"Apple AirPods Pro 3 Wireless Earbuds, Active Noise Cancellation, Live Translation, Heart Rate Sensing, Hearing Aid Feature, Bluetooth Headphones, Spatial Audio, High-Fidelity Sound, USB-C Charging",B0FQFB8FMG,3,0,0,,https://www.amazon.de/dp/B0FQFB8FMG,https://www.amazon.com/your-orders/order-details?orderID=112-2600594-9517060&ref=ppx_yo2ov_dt_b_fed_order_details
112-6428389-6600214,2026-01-05,16.25,USD,0,,Premium Murata CR2477 Lithium 3V Coin Cell - Japanese Engineered High Capacity Batteries (6 Pack),B07M65GTHH,1,0,0,,https://www.amazon.de/dp/B07M65GTHH,https://www.amazon.com/your-orders/order-details?orderID=112-6428389-6600214&ref=ppx_yo2ov_dt_b_fed_order_details
112-4692932-9405015,2026-01-05,0,EUR,0,Cancelled,"EEMB 10 Pack CR2477 Battery 3V Lithium Battery Button Coin Cell Batteries 2477 Battery DL2477, ECR2477 for Electronic Candle, Light, Remote Control, Key Fob, Alarm, Contact Sensor, Smart Devices",B07MLV5DTX,1,0,0,,https://www.amazon.de/dp/B07MLV5DTX,
111-0595766-6866607,2026-01-05,899.97,USD,0,,"Apple iPad 11-inch: A16 chip, 11-inch Model, Liquid Retina Display, 128GB, Wi-Fi 6, 12MP Front/12MP Back Camera, Touch ID, All-Day Battery Life — Blue",B0DZ75TN5F,3,0,0,,https://www.amazon.de/dp/B0DZ75TN5F,https://www.amazon.com/your-orders/order-details?orderID=111-0595766-6866607&ref=ppx_yo2ov_dt_b_fed_order_details
112-9533378-2477016,2026-01-05,897,USD,0,,"Apple iPad 11-inch: A16 chip, 11-inch Model, Liquid Retina Display, 128GB, Wi-Fi 6, 12MP Front/12MP Back Camera, Touch ID, All-Day Battery Life — Silver",B0DZ77D5HL,3,0,0,,https://www.amazon.de/dp/B0DZ77D5HL,https://www.amazon.com/your-orders/order-details?orderID=112-9533378-2477016&ref=ppx_yo2ov_dt_b_fed_order_details
112-8725691-4449865,2026-01-05,897,USD,0,,"Apple iPad 11-inch: A16 chip, 11-inch Model, Liquid Retina Display, 128GB, Wi-Fi 6, 12MP Front/12MP Back Camera, Touch ID, All-Day Battery Life — Pink",B0DZ7871B8,1,0,0,,https://www.amazon.de/dp/B0DZ7871B8,https://www.amazon.com/your-orders/order-details?orderID=112-8725691-4449865&ref=ppx_yo2ov_dt_b_fed_order_details
113-7289612-8949819,2026-01-02,9.2,USD,0,,"OLANLY Front Door Mat Outside Entrance 29.5x17, Absorbent, Heavy Duty Sturdy Natural Rubber Doormat Indoor Outdoor, Stain and Fade Resistant, Non-Slip Backing Low Profile Floor Mat for Entryway, Grey",B0FH4G9YQZ,1,0,0,,https://www.amazon.de/dp/B0FH4G9YQZ,https://www.amazon.com/your-orders/order-details?orderID=113-7289612-8949819&ref=ppx_yo2ov_dt_b_fed_order_details
112-6655324-8792228,2026-01-02,0,EUR,0,,"Coucoland Gold Sequin Jacket-Sparkly Blazer 70s Outfits for Men Disco Costume(Gold,L)",B0BNB9PRSD,1,0,0,,https://www.amazon.de/dp/B0BNB9PRSD,https://www.amazon.com/your-orders/order-details?orderID=112-6655324-8792228&ref=ppx_yo2ov_dt_b_fed_order_details
113-1167959-5229026,2026-01-02,284.91,USD,0,,"Apple Pencil Pro: Latest Model - Device Compatibility Check Required - Pixel-Perfect Precision, Tilt and Pressure Sensitivity, Perfect for Note-Taking, Drawing, and Art. Charges and Pairs Magnetically",B0D3J71RM7,3,0,0,,https://www.amazon.de/dp/B0D3J71RM7,https://www.amazon.com/your-orders/order-details?orderID=113-1167959-5229026&ref=ppx_yo2ov_dt_b_fed_order_details
112-1305729-4661069,2026-01-02,229,USD,0,,"Apple Watch SE 3 [GPS 44mm] Smartwatch with Midnight Aluminum Case with Midnight Sport Band - M/L. Fitness and Sleep Trackers, Heart Rate Monitor, Always-On Display, Water Resistant",B0FQFJ2WRG,1,0,0,,https://www.amazon.de/dp/B0FQFJ2WRG,https://www.amazon.com/your-orders/order-details?orderID=112-1305729-4661069&ref=ppx_yo2ov_dt_b_fed_order_details